Happiness_Rank,Economy(GDP),Happiness_Score,Health(Life Expectancy),Country,Year,Region
1,1.39651,7.587,0.94143,Switzerland,2015,Europe
2,1.30232,7.561,0.94784,Iceland,2015,Europe
3,1.32548,7.527,0.87464,Denmark,2015,Europe
4,1.459,7.522,0.88521,Norway,2015,Europe
5,1.32629,7.427,0.90563,Canada,2015,North America
6,1.29025,7.406,0.88911,Finland,2015,Europe
7,1.32944,7.378,0.89284,Netherlands,2015,Europe
8,1.33171,7.364,0.91087,Sweden,2015,Europe
9,1.25018,7.286,0.90837,New Zealand,2015,Australia
10,1.33358,7.284,0.93156,Australia,2015,Australia
11,1.22857,7.278,0.91387,Israel,2015,Asia
12,0.95578,7.226,0.86027,Costa Rica,2015,North America
13,1.33723,7.2,0.89042,Austria,2015,Europe
14,1.02054,7.187,0.81444,Mexico,2015,North America
15,1.39451,7.119,0.86179,United States,2015,North America
16,0.98124,6.983,0.69702,Brazil,2015,South America
17,1.56391,6.946,0.91894,Luxembourg,2015,Europe
18,1.33596,6.94,0.89533,Ireland,2015,Europe
19,1.30782,6.937,0.89667,Belgium,2015,Europe
20,1.42727,6.901,0.80925,United Arab Emirates,2015,Asia
21,1.26637,6.867,0.90943,United Kingdom,2015,Europe
22,1.36011,6.853,0.76276,Oman,2015,Asia
23,1.04424,6.81,0.72052,Venezuela,2015,South America
24,1.52186,6.798,1.02525,Singapore,2015,Asia
25,1.06353,6.786,0.79661,Panama,2015,North America
26,1.32792,6.75,0.89186,Germany,2015,Europe
27,1.10715,6.67,0.85857,Chile,2015,South America
28,1.69042,6.611,0.79733,Qatar,2015,Asia
29,1.27778,6.575,0.94579,France,2015,Europe
30,1.05351,6.574,0.78723,Argentina,2015,South America
31,1.17898,6.505,0.84483,Czech Republic,2015,Europe
32,1.06166,6.485,0.8116,Uruguay,2015,South America
33,0.91861,6.477,0.69077,Colombia,2015,South America
34,0.9669,6.455,0.7385,Thailand,2015,Asia
35,1.39541,6.411,0.72025,Saudi Arabia,2015,Asia
36,1.23011,6.329,0.95562,Spain,2015,Europe
37,1.2074,6.302,0.88721,Malta,2015,Europe
38,1.29098,6.298,0.8753,Taiwan,2015,Asia
39,1.55422,6.295,0.72492,Kuwait,2015,Asia
40,0.99534,6.269,0.6082,Suriname,2015,South America
41,1.21183,6.168,0.61483,Trinidad and Tobago,2015,North America
42,0.76454,6.13,0.67737,El Salvador,2015,North America
43,0.74553,6.123,0.64425,Guatemala,2015,North America
44,0.63244,6.003,0.59772,Uzbekistan,2015,Asia
45,1.16891,5.995,0.78902,Slovakia,2015,Europe
46,1.27074,5.987,0.99111,Japan,2015,Asia
47,1.24461,5.984,0.96538,South Korea,2015,Asia
48,0.86402,5.975,0.79075,Ecuador,2015,South America
49,1.32376,5.96,0.74716,Bahrain,2015,Asia
50,1.25114,5.948,0.95446,Italy,2015,Europe
51,0.68133,5.89,0.5392,Bolivia,2015,South America
52,0.59448,5.889,0.61826,Moldova,2015,Europe
53,0.75985,5.878,0.66098,Paraguay,2015,South America
54,1.12254,5.855,0.64368,Kazakhstan,2015,Asia
55,1.18498,5.848,0.87337,Slovenia,2015,Europe
56,1.14723,5.833,0.73128,Lithuania,2015,Europe
57,0.59325,5.828,0.74314,Nicaragua,2015,North America
58,0.90019,5.824,0.73017,Peru,2015,South America
59,1.03192,5.813,0.73608,Belarus,2015,Europe
60,1.12555,5.791,0.77903,Poland,2015,Europe
61,1.12486,5.77,0.72394,Malaysia,2015,Asia
62,1.08254,5.759,0.78805,Croatia,2015,Europe
63,1.13145,5.754,0.7038,Libya,2015,Africa
64,1.13764,5.716,0.66926,Russia,2015,Europe
65,0.81038,5.709,0.68741,Jamaica,2015,North America
66,1.20806,5.695,0.92356,North Cyprus,2015,Europe
67,1.20813,5.689,0.92356,Cyprus,2015,Asia
68,0.93929,5.605,0.61766,Algeria,2015,Africa
69,0.80148,5.589,0.63132,Kosovo,2015,Europe
70,0.95847,5.548,0.53886,Turkmenistan,2015,Asia
71,1.00761,5.477,0.7095,Mauritius,2015,Africa
72,1.38604,5.474,1.01328,Hong Kong,2015,Asia
73,1.15174,5.429,0.77361,Estonia,2015,Europe
74,0.82827,5.399,0.63793,Indonesia,2015,Asia
75,0.63216,5.36,0.74676,Vietnam,2015,Asia
76,1.06098,5.332,0.73172,Turkey,2015,Asia
77,0.47428,5.286,0.65088,Kyrgyzstan,2015,Asia
78,0.65435,5.268,0.16007,Nigeria,2015,Africa
79,0.77042,5.253,0.57407,Bhutan,2015,Asia
80,1.02389,5.212,0.64045,Azerbaijan,2015,Asia
81,0.59543,5.194,0.51466,Pakistan,2015,Asia
82,0.90198,5.192,0.69639,Jordan,2015,Asia
82,0.97438,5.192,0.72521,Montenegro,2015,Europe
84,0.89012,5.14,0.81658,China,2015,Asia
85,0.47038,5.129,0.29924,Zambia,2015,Africa
86,1.04345,5.124,0.7689,Romania,2015,Europe
87,0.92053,5.123,0.74836,Serbia,2015,Europe
88,1.15991,5.102,0.87519,Portugal,2015,Europe
89,1.11312,5.098,0.72437,Latvia,2015,Europe
90,0.70532,5.073,0.58114,Philippines,2015,Asia
91,0.18847,5.057,0.43873,Somaliland region,2015,Africa
92,0.73479,5.013,0.60954,Morocco,2015,Africa
93,0.91851,5.007,0.73545,Macedonia,2015,Europe
94,0.08308,4.971,0.09131,Mozambique,2015,Africa
95,0.87867,4.959,0.81325,Albania,2015,Europe
96,0.83223,4.949,0.79081,Bosnia and Herzegovina,2015,Europe
97,0.37545,4.898,0.07612,Lesotho,2015,Africa
98,0.89537,4.885,0.66825,Dominican Republic,2015,North America
99,0.59066,4.876,0.54909,Laos,2015,Asia
100,0.82819,4.874,0.60268,Mongolia,2015,Asia
101,0.71206,4.867,0.07566,Swaziland,2015,Africa
102,1.15406,4.857,0.88213,Greece,2015,Europe
103,1.02564,4.839,0.83947,Lebanon,2015,Asia
104,1.12094,4.8,0.75905,Hungary,2015,Europe
105,0.59532,4.788,0.6951,Honduras,2015,North America
106,0.39047,4.786,0.57379,Tajikistan,2015,Asia
107,0.88113,4.739,0.73793,Tunisia,2015,Africa
108,0.59867,4.715,0.66015,Palestinian Territories,2015,Asia
109,0.39753,4.694,0.60164,Bangladesh,2015,Asia
110,1.0088,4.686,0.69805,Iran,2015,Asia
111,0.79907,4.681,0.6739,Ukraine,2015,Europe
112,0.98549,4.677,0.60237,Iraq,2015,Asia
113,0.92049,4.642,0.27688,South Africa,2015,Africa
114,0.54558,4.633,0.40132,Ghana,2015,Africa
115,0.271,4.61,0.33475,Zimbabwe,2015,Africa
116,0.0712,4.571,0.34201,Liberia,2015,Africa
117,0.64499,4.565,0.51529,India,2015,Asia
118,0.52107,4.55,0.36878,Sudan,2015,Africa
119,0.26673,4.518,0.38847,Haiti,2015,North America
120,0.0,4.517,0.09806,Congo (Kinshasa),2015,Africa
121,0.35997,4.514,0.56874,Nepal,2015,Asia
122,0.19073,4.512,0.44055,Ethiopia,2015,Africa
123,0.33024,4.507,0.0,Sierra Leone,2015,Africa
124,0.45407,4.436,0.35874,Mauritania,2015,Africa
125,0.36471,4.419,0.41435,Kenya,2015,Africa
126,0.44025,4.369,0.36291,Djibouti,2015,Africa
127,0.76821,4.35,0.7299,Armenia,2015,Asia
128,0.99355,4.332,0.04776,Botswana,2015,Africa
129,0.27108,4.307,0.48246,Myanmar,2015,Asia
130,0.7419,4.297,0.72926,Georgia,2015,Asia
131,0.01604,4.292,0.22562,Malawi,2015,Africa
132,0.83524,4.271,0.70806,Sri Lanka,2015,Asia
133,0.4225,4.252,0.23402,Cameroon,2015,Africa
134,1.01216,4.218,0.76649,Bulgaria,2015,Europe
135,0.8818,4.194,0.61712,Egypt,2015,Africa
136,0.54649,4.077,0.40064,Yemen,2015,Asia
137,0.75778,4.033,0.16683,Angola,2015,Africa
138,0.26074,3.995,0.20583,Mali,2015,Africa
139,0.67866,3.989,0.31051,Congo (Brazzaville),2015,Africa
140,0.23906,3.956,0.36315,Comoros,2015,Africa
141,0.21102,3.931,0.33861,Uganda,2015,Africa
142,0.36498,3.904,0.4354,Senegal,2015,Africa
143,1.06024,3.896,0.43372,Gabon,2015,Africa
144,0.0694,3.845,0.29707,Niger,2015,Africa
145,0.46038,3.819,0.61114,Cambodia,2015,Asia
146,0.2852,3.781,0.38215,Tanzania,2015,Africa
147,0.20824,3.681,0.46721,Madagascar,2015,Africa
148,0.0785,3.678,0.06699,Central African Republic,2015,Africa
149,0.34193,3.667,0.1501,Chad,2015,Africa
150,0.17417,3.656,0.24009,Guinea,2015,Africa
151,0.46534,3.655,0.15185,Ivory Coast,2015,Africa
152,0.25812,3.587,0.27125,Burkina Faso,2015,Africa
153,0.31982,3.575,0.30335,Afghanistan,2015,Asia
154,0.22208,3.465,0.42864,Rwanda,2015,Africa
155,0.28665,3.34,0.3191,Benin,2015,Africa
156,0.6632,3.006,0.72193,Syria,2015,Asia
157,0.0153,2.905,0.22396,Burundi,2015,Africa
158,0.20868,2.839,0.28443,Togo,2015,Africa
1,1.44178,7.526,0.79504,Denmark,2016,Europe
2,1.52733,7.509,0.86303,Switzerland,2016,Europe
3,1.42666,7.501,0.86733,Iceland,2016,Europe
4,1.57744,7.498,0.79579,Norway,2016,Europe
5,1.40598,7.413,0.81091,Finland,2016,Europe
6,1.44015,7.404,0.8276,Canada,2016,North America
7,1.46468,7.339,0.81231,Netherlands,2016,Europe
8,1.36066,7.334,0.83096,New Zealand,2016,Australia
9,1.44443,7.313,0.8512,Australia,2016,Australia
10,1.45181,7.291,0.83121,Sweden,2016,Europe
11,1.33766,7.267,0.84917,Israel,2016,Asia
12,1.45038,7.119,0.80565,Austria,2016,Europe
13,1.50796,7.104,0.779,United States,2016,North America
14,1.06879,7.087,0.76146,Costa Rica,2016,North America
15,1.35943,7.039,0.77758,Puerto Rico,2016,North America
16,1.44787,6.994,0.81487,Germany,2016,Europe
17,1.08754,6.952,0.61415,Brazil,2016,South America
18,1.42539,6.929,0.81959,Belgium,2016,Europe
19,1.48341,6.907,0.81455,Ireland,2016,Europe
20,1.69752,6.871,0.84542,Luxembourg,2016,Europe
21,1.11508,6.778,0.71143,Mexico,2016,North America
22,1.64555,6.739,0.94719,Singapore,2016,Asia
23,1.40283,6.725,0.80991,United Kingdom,2016,Europe
24,1.2167,6.705,0.81883,Chile,2016,South America
25,1.18306,6.701,0.70835,Panama,2016,North America
26,1.15137,6.65,0.69711,Argentina,2016,South America
27,1.30915,6.596,0.76376,Czech Republic,2016,Europe
28,1.57352,6.573,0.72993,United Arab Emirates,2016,Asia
29,1.18157,6.545,0.72183,Uruguay,2016,South America
30,1.30782,6.488,0.80315,Malta,2016,Europe
31,1.03032,6.481,0.59659,Colombia,2016,South America
32,1.39488,6.478,0.83795,France,2016,Europe
33,1.0893,6.474,0.64915,Thailand,2016,Asia
34,1.48953,6.379,0.59267,Saudi Arabia,2016,Asia
34,1.39729,6.379,0.79565,Taiwan,2016,Asia
36,1.82427,6.375,0.71723,Qatar,2016,Asia
37,1.34253,6.361,0.87896,Spain,2016,Europe
38,1.05266,6.355,0.61804,Algeria,2016,Africa
39,0.83454,6.324,0.54039,Guatemala,2016,North America
40,1.09686,6.269,0.50933,Suriname,2016,South America
41,1.61714,6.239,0.63569,Kuwait,2016,Asia
42,1.44024,6.218,0.65696,Bahrain,2016,Asia
43,1.32572,6.168,0.52608,Trinidad and Tobago,2016,North America
44,1.13367,6.084,0.61904,Venezuela,2016,South America
45,1.27973,6.078,0.70367,Slovakia,2016,Europe
46,0.8737,6.068,0.596,El Salvador,2016,North America
47,1.25142,6.005,0.62366,Malaysia,2016,Asia
48,0.69384,5.992,0.65213,Nicaragua,2016,North America
49,0.73591,5.987,0.50163,Uzbekistan,2016,Asia
50,1.35495,5.977,0.85102,Italy,2016,Europe
51,0.97306,5.976,0.68613,Ecuador,2016,South America
52,0.87616,5.956,0.45569,Belize,2016,North America
53,1.38007,5.921,0.91491,Japan,2016,Asia
54,1.22943,5.919,0.57386,Kazakhstan,2016,Asia
55,0.69177,5.897,0.52309,Moldova,2016,Europe
56,1.23228,5.856,0.58991,Russia,2016,Europe
57,1.24585,5.835,0.69058,Poland,2016,Europe
57,1.35948,5.835,0.88645,South Korea,2016,Asia
59,0.79422,5.822,0.4697,Bolivia,2016,South America
60,1.2692,5.813,0.64674,Lithuania,2016,Europe
61,1.13062,5.802,0.63104,Belarus,2016,Europe
62,1.31141,5.771,0.84142,North Cyprus,2016,Europe
63,1.29947,5.768,0.79151,Slovenia,2016,Europe
64,0.99602,5.743,0.62994,Peru,2016,South America
65,1.08017,5.658,0.44006,Turkmenistan,2016,Asia
66,1.14372,5.648,0.66189,Mauritius,2016,Africa
67,1.06688,5.615,0.52304,Libya,2016,Africa
68,1.21788,5.56,0.63952,Latvia,2016,Europe
69,1.31857,5.546,0.8488,Cyprus,2016,Asia
70,0.89373,5.538,0.58295,Paraguay,2016,South America
71,1.1697,5.528,0.67602,Romania,2016,Europe
72,1.27964,5.517,0.68098,Estonia,2016,Europe
73,0.89333,5.51,0.59469,Jamaica,2016,North America
74,1.18649,5.488,0.70524,Croatia,2016,Europe
75,1.5107,5.458,0.95277,Hong Kong,2016,Asia
76,0.0,5.44,0.11466,Somalia,2016,Africa
77,0.90145,5.401,0.54,Kosovo,2016,Europe
78,1.16492,5.389,0.64718,Turkey,2016,Asia
79,0.95104,5.314,0.49374,Indonesia,2016,Asia
80,0.99673,5.303,0.60712,Jordan,2016,Asia
81,1.12373,5.291,0.54504,Azerbaijan,2016,Asia
82,0.81217,5.279,0.47036,Philippines,2016,Asia
83,1.0278,5.245,0.73561,China,2016,Asia
84,0.8527,5.196,0.49759,Bhutan,2016,Asia
85,0.56044,5.185,0.55449,Kyrgyzstan,2016,Asia
86,1.03437,5.177,0.6458,Serbia,2016,Europe
87,0.93383,5.163,0.70766,Bosnia and Herzegovina,2016,Europe
88,1.07838,5.161,0.63533,Montenegro,2016,Europe
89,1.02787,5.155,0.57669,Dominican Republic,2016,North America
90,0.84058,5.151,0.59471,Morocco,2016,Africa
91,1.24142,5.145,0.67608,Hungary,2016,Europe
92,0.68816,5.132,0.40306,Pakistan,2016,Asia
93,1.12268,5.129,0.76171,Lebanon,2016,Asia
94,1.27607,5.123,0.79363,Portugal,2016,Europe
95,1.0193,5.121,0.64738,Macedonia,2016,Europe
96,0.74037,5.061,0.66157,Vietnam,2016,Asia
97,0.25558,5.057,0.33108,Somaliland Region,2016,Africa
98,0.97724,5.045,0.59577,Tunisia,2016,Africa
99,1.24886,5.033,0.80029,Greece,2016,Europe
100,0.48835,4.996,0.53119,Tajikistan,2016,Asia
101,0.98853,4.907,0.55469,Mongolia,2016,Asia
102,0.68042,4.876,0.38291,Laos,2016,Asia
103,0.75216,4.875,0.05108,Nigeria,2016,Africa
104,0.69429,4.871,0.58383,Honduras,2016,North America
105,1.11758,4.813,0.64232,Iran,2016,Asia
106,0.61202,4.795,0.23573,Zambia,2016,Africa
107,0.44626,4.793,0.50073,Nepal,2016,Asia
108,0.67024,4.754,0.56844,Palestinian Territories,2016,Asia
109,0.9553,4.655,0.73007,Albania,2016,Europe
110,0.54177,4.643,0.52989,Bangladesh,2016,Asia
111,0.36485,4.635,0.0,Sierra Leone,2016,Africa
112,1.07474,4.575,0.51076,Iraq,2016,Asia
113,0.93287,4.574,0.34745,Namibia,2016,Africa
114,0.52497,4.513,0.12698,Cameroon,2016,Africa
115,0.29283,4.508,0.34578,Ethiopia,2016,Africa
116,1.02416,4.459,0.18611,South Africa,2016,Africa
117,0.97318,4.415,0.62007,Sri Lanka,2016,Asia
118,0.74036,4.404,0.45091,India,2016,Asia
119,0.34112,4.395,0.3988,Myanmar,2016,Asia
120,0.95395,4.362,0.52116,Egypt,2016,Africa
121,0.86086,4.36,0.64083,Armenia,2016,Asia
122,0.52267,4.356,0.30147,Kenya,2016,Africa
123,0.87287,4.324,0.58628,Ukraine,2016,Europe
124,0.63107,4.276,0.29681,Ghana,2016,Africa
125,0.05661,4.272,0.188,Congo (Kinshasa),2016,Africa
126,0.83792,4.252,0.64035,Georgia,2016,Asia
127,0.77109,4.236,0.28212,Congo (Brazzaville),2016,Africa
128,0.44314,4.219,0.40457,Senegal,2016,Africa
129,1.11306,4.217,0.67806,Bulgaria,2016,Europe
130,0.61391,4.201,0.28639,Mauritania,2016,Africa
131,0.35041,4.193,0.1595,Zimbabwe,2016,Africa
132,0.08709,4.156,0.29364,Malawi,2016,Africa
133,0.63069,4.139,0.29759,Sudan,2016,Africa
134,1.15851,4.121,0.3494,Gabon,2016,Africa
135,0.31292,4.073,0.16347,Mali,2016,Africa
136,0.34097,4.028,0.27494,Haiti,2016,North America
137,1.09426,3.974,0.34752,Botswana,2016,Africa
138,0.27509,3.956,0.29981,Comoros,2016,Africa
139,0.55507,3.916,0.04476,Ivory Coast,2016,Africa
140,0.55604,3.907,0.42494,Cambodia,2016,Asia
141,0.84731,3.866,0.04991,Angola,2016,Africa
142,0.1327,3.856,0.26162,Niger,2016,Africa
143,0.39394,3.832,0.15781,South Sudan,2016,Africa
144,0.42214,3.763,0.03824,Chad,2016,Africa
145,0.31995,3.739,0.21297,Burkina Faso,2016,Africa
145,0.34719,3.739,0.19625,Uganda,2016,Africa
147,0.57939,3.724,0.31048,Yemen,2016,Asia
148,0.27954,3.695,0.37109,Madagascar,2016,Africa
149,0.47155,3.666,0.357,Tanzania,2016,Africa
150,0.10706,3.622,0.23165,Liberia,2016,Africa
151,0.22415,3.607,0.18829,Guinea,2016,Africa
152,0.32846,3.515,0.31865,Rwanda,2016,Africa
153,0.39499,3.484,0.21028,Benin,2016,Africa
154,0.38227,3.36,0.17344,Afghanistan,2016,Asia
155,0.28123,3.303,0.24811,Togo,2016,Africa
156,0.74719,3.069,0.62994,Syria,2016,Asia
157,0.06831,2.905,0.15747,Burundi,2016,Africa
1,1.61646318435669,7.53700017929077,0.796666502952576,Norway,2017,Europe
2,1.48238301277161,7.52199983596802,0.792565524578094,Denmark,2017,Europe
3,1.480633020401,7.50400018692017,0.833552122116089,Iceland,2017,Europe
4,1.56497955322266,7.49399995803833,0.858131289482117,Switzerland,2017,Europe
5,1.44357192516327,7.4689998626709,0.80915766954422,Finland,2017,Europe
6,1.50394463539124,7.3769998550415,0.810696125030518,Netherlands,2017,Europe
7,1.47920441627502,7.31599998474121,0.83455765247345,Canada,2017,North America
8,1.40570604801178,7.31400012969971,0.816759705543518,New Zealand,2017,Australia
9,1.49438726902008,7.28399991989136,0.830875158309937,Sweden,2017,Europe
10,1.484414935112,7.28399991989136,0.84388679265976,Australia,2017,Australia
11,1.37538242340088,7.21299982070923,0.83840399980545,Israel,2017,Asia
12,1.10970628261566,7.0789999961853,0.759509265422821,Costa Rica,2017,North America
13,1.48709726333618,7.00600004196167,0.815328419208527,Austria,2017,Europe
14,1.54625928401947,6.99300003051758,0.77428662776947,United States,2017,North America
15,1.53570663928986,6.97700023651123,0.80978262424469,Ireland,2017,Europe
16,1.48792338371277,6.95100021362305,0.798950731754303,Germany,2017,Europe
17,1.46378076076508,6.89099979400635,0.818091869354248,Belgium,2017,Europe
18,1.74194359779358,6.86299991607666,0.845089495182037,Luxembourg,2017,Europe
19,1.44163393974304,6.71400022506714,0.805335938930511,United Kingdom,2017,Europe
20,1.25278460979462,6.65199995040894,0.819479703903198,Chile,2017,South America
21,1.62634336948395,6.64799976348877,0.726798236370087,United Arab Emirates,2017,Asia
22,1.10735321044922,6.63500022888184,0.616552352905273,Brazil,2017,South America
23,1.35268235206604,6.60900020599365,0.754444003105164,Czech Republic,2017,Europe
24,1.18529546260834,6.59899997711182,0.695137083530426,Argentina,2017,South America
25,1.15318381786346,6.57800006866455,0.709978997707367,Mexico,2017,North America
26,1.69227766990662,6.57200002670288,0.949492394924164,Singapore,2017,Asia
27,1.34327983856201,6.52699995040894,0.821944236755371,Malta,2017,Europe
28,1.21755969524384,6.4539999961853,0.719216823577881,Uruguay,2017,South America
29,0.872001945972443,6.4539999961853,0.540239989757538,Guatemala,2017,North America
30,1.23374843597412,6.4520001411438,0.706156134605408,Panama,2017,North America
31,1.43092346191406,6.44199991226196,0.844465851783752,France,2017,Europe
32,1.12786877155304,6.42399978637695,0.647239029407501,Thailand,2017,Asia
33,1.43362653255463,6.42199993133545,0.793984234333038,Taiwan Province of China,2017,Asia
34,1.38439786434174,6.40299987792969,0.888960599899292,Spain,2017,Europe
35,1.87076568603516,6.375,0.710098087787628,Qatar,2017,Asia
36,1.07062232494354,6.35699987411499,0.595027923583984,Colombia,2017,South America
37,1.53062355518341,6.3439998626709,0.590148329734802,Saudi Arabia,2017,Asia
38,1.36135590076447,6.16800022125244,0.519983291625977,Trinidad and Tobago,2017,North America
39,1.63295245170593,6.10500001907349,0.632105708122253,Kuwait,2017,Asia
40,1.32539355754852,6.09800004959106,0.712732911109924,Slovakia,2017,Europe
41,1.48841226100922,6.08699989318848,0.653133034706116,Bahrain,2017,Asia
42,1.29121541976929,6.08400011062622,0.618784427642822,Malaysia,2017,Asia
43,0.737299203872681,6.07100009918213,0.653095960617065,Nicaragua,2017,North America
44,1.00082039833069,6.00799989700317,0.685636222362518,Ecuador,2017,South America
45,0.909784495830536,6.00299978256226,0.596018552780151,El Salvador,2017,North America
46,1.29178786277771,5.97300004959106,0.699475347995758,Poland,2017,Europe
47,0.786441087722778,5.97100019454956,0.498272627592087,Uzbekistan,2017,Asia
48,1.39506661891937,5.96400022506714,0.853144347667694,Italy,2017,Europe
49,1.28177809715271,5.96299982070923,0.547349333763123,Russia,2017,Europe
50,0.907975316047668,5.95599985122681,0.450191766023636,Belize,2017,North America
51,1.41691517829895,5.92000007629395,0.913475871086121,Japan,2017,Asia
52,1.31458234786987,5.90199995040894,0.62894994020462,Lithuania,2017,Europe
53,1.09186446666718,5.87200021743774,0.617584645748138,Algeria,2017,Africa
54,1.26074862480164,5.84999990463257,0.638566970825195,Latvia,2017,Europe
55,1.40167844295502,5.83799982070923,0.900214076042175,South Korea,2017,Asia
56,0.728870630264282,5.83799982070923,0.589465200901031,Moldova,2017,Europe
57,1.21768391132355,5.82499980926514,0.685158312320709,Romania,2017,Europe
58,0.833756566047668,5.82299995422363,0.473630249500275,Bolivia,2017,South America
59,1.13077676296234,5.82200002670288,0.437726080417633,Turkmenistan,2017,Asia
60,1.28455626964569,5.81899976730347,0.606041550636292,Kazakhstan,2017,Asia
61,1.3469113111496,5.80999994277954,0.834647238254547,North Cyprus,2017,Europe
62,1.3412059545517,5.75799989700317,0.790828227996826,Slovenia,2017,Europe
63,1.03522527217865,5.71500015258789,0.630166113376617,Peru,2017,South America
64,1.18939554691315,5.62900018692017,0.638007462024689,Mauritius,2017,Africa
65,1.35593807697296,5.62099981307983,0.84471470117569,Cyprus,2017,Asia
66,1.32087934017181,5.61100006103516,0.695168316364288,Estonia,2017,Europe
67,1.15655755996704,5.56899976730347,0.637714266777039,Belarus,2017,Europe
68,1.10180306434631,5.52500009536743,0.520169019699097,Libya,2017,Africa
69,1.19827437400818,5.5,0.637605607509613,Turkey,2017,Asia
70,0.932537317276001,5.49300003051758,0.579250693321228,Paraguay,2017,South America
71,1.55167484283447,5.47200012207031,0.943062424659729,"Hong Kong S.A.R., China",2017,Asia
72,0.85769921541214,5.42999982833862,0.468009054660797,Philippines,2017,Asia
73,1.06931757926941,5.39499998092651,0.65078467130661,Serbia,2017,Europe
74,0.991012394428253,5.33599996566772,0.604590058326721,Jordan,2017,Asia
75,1.2860119342804,5.32399988174438,0.687763452529907,Hungary,2017,Europe
76,0.925579309463501,5.31099987030029,0.641022384166718,Jamaica,2017,North America
77,1.22255623340607,5.29300022125244,0.701288521289825,Croatia,2017,Europe
78,0.951484382152557,5.27899980545044,0.541452050209045,Kosovo,2017,Europe
79,1.08116579055786,5.27299976348877,0.741415500640869,China,2017,Asia
80,0.72688353061676,5.26900005340576,0.402047783136368,Pakistan,2017,Asia
81,0.995538592338562,5.26200008392334,0.492345720529556,Indonesia,2017,Asia
82,1.12843120098114,5.25,0.617144227027893,Venezuela,2017,South America
83,1.12112903594971,5.23699998855591,0.667464673519135,Montenegro,2017,Europe
84,0.878114581108093,5.2350001335144,0.59771066904068,Morocco,2017,Africa
85,1.15360176563263,5.23400020599365,0.540775775909424,Azerbaijan,2017,Asia
86,1.07937383651733,5.23000001907349,0.574873745441437,Dominican Republic,2017,North America
87,1.28948748111725,5.22700023651123,0.810198903083801,Greece,2017,Europe
88,1.07498753070831,5.22499990463257,0.735081076622009,Lebanon,2017,Asia
89,1.3151752948761,5.19500017166138,0.795843541622162,Portugal,2017,Europe
90,0.982409417629242,5.18200016021729,0.705186307430267,Bosnia and Herzegovina,2017,Europe
91,0.730573117733002,5.18100023269653,0.582569479942322,Honduras,2017,North America
92,1.06457793712616,5.17500019073486,0.644948184490204,Macedonia,2017,Europe
93,0.0226431842893362,5.15100002288818,0.113989137113094,Somalia,2017,Africa
94,0.788547575473785,5.07399988174438,0.652168989181519,Vietnam,2017,Asia
95,0.783756256103516,5.07399988174438,0.0569157302379608,Nigeria,2017,Africa
96,0.524713635444641,5.04099988937378,0.529235124588013,Tajikistan,2017,Asia
97,0.885416388511658,5.01100015640259,0.495879292488098,Bhutan,2017,Asia
98,0.596220076084137,5.00400018692017,0.553457796573639,Kyrgyzstan,2017,Asia
99,0.479820191860199,4.96199989318848,0.504130780696869,Nepal,2017,Asia
100,1.02723586559296,4.95499992370605,0.557783484458923,Mongolia,2017,Asia
101,1.05469870567322,4.8289999961853,0.187080070376396,South Africa,2017,Africa
102,1.00726580619812,4.80499982833862,0.613212049007416,Tunisia,2017,Africa
103,0.716249227523804,4.77500009536743,0.565666973590851,Palestinian Territories,2017,Asia
104,0.989701807498932,4.7350001335144,0.520187258720398,Egypt,2017,Africa
105,1.1614590883255,4.71400022506714,0.708217680454254,Bulgaria,2017,Europe
106,0.36842092871666,4.70900011062622,0.0055647538974881,Sierra Leone,2017,Africa
107,0.564305365085602,4.69500017166138,0.132892116904259,Cameroon,2017,Africa
108,1.15687310695648,4.69199991226196,0.639333188533783,Iran,2017,Asia
109,0.996192753314972,4.64400005340576,0.731159746646881,Albania,2017,Europe
110,0.586682975292206,4.60799980163574,0.533241033554077,Bangladesh,2017,Asia
111,0.964434325695038,4.57399988174438,0.33861181139946,Namibia,2017,Africa
112,0.560479462146759,4.55299997329712,0.309988349676132,Kenya,2017,Africa
113,0.234305649995804,4.55000019073486,0.106654435396194,Mozambique,2017,Africa
114,0.367110550403595,4.54500007629395,0.397522568702698,Myanmar,2017,Asia
115,0.479309022426605,4.53499984741211,0.409362852573395,Senegal,2017,Africa
116,0.636406779289246,4.51399993896484,0.257835894823074,Zambia,2017,Africa
117,1.10271048545837,4.49700021743774,0.501180469989777,Iraq,2017,Asia
118,1.1982102394104,4.46500015258789,0.356578588485718,Gabon,2017,Africa
119,0.339233845472336,4.46000003814697,0.353409707546234,Ethiopia,2017,Africa
120,1.00985014438629,4.44000005722046,0.625130832195282,Sri Lanka,2017,Asia
121,0.900596737861633,4.37599992752075,0.637524425983429,Armenia,2017,Asia
122,0.792221248149872,4.31500005722046,0.455427616834641,India,2017,Asia
123,0.648457288742065,4.29199981689453,0.285349279642105,Mauritania,2017,Africa
124,0.808964252471924,4.29099988937378,0.28995743393898,Congo (Brazzaville),2017,Africa
125,0.950612664222717,4.28599977493286,0.649546980857849,Georgia,2017,Asia
126,0.0921023488044739,4.28000020980835,0.191407024860382,Congo (Kinshasa),2017,Africa
127,0.476180493831635,4.19000005722046,0.169365674257278,Mali,2017,Africa
128,0.603048920631409,4.17999982833862,0.0486421696841717,Ivory Coast,2017,Africa
129,0.601765096187592,4.16800022125244,0.429783403873444,Cambodia,2017,Asia
130,0.65951669216156,4.13899993896484,0.290920823812485,Sudan,2017,Africa
131,0.667224824428558,4.11999988555908,0.295637726783752,Ghana,2017,Africa
132,0.89465194940567,4.09600019454956,0.575903952121735,Ukraine,2017,Europe
133,0.381430715322495,4.08099985122681,0.217632606625557,Uganda,2017,Africa
134,0.3502277135849,4.03200006484985,0.215844258666039,Burkina Faso,2017,Africa
135,0.161925330758095,4.02799987792969,0.26850500702858,Niger,2017,Africa
136,0.233442038297653,3.97000002861023,0.315089583396912,Malawi,2017,Africa
137,0.438012987375259,3.93600010871887,0.0411347150802612,Chad,2017,Africa
138,0.375846534967422,3.875,0.196763753890991,Zimbabwe,2017,Africa
139,0.521021246910095,3.80800008773804,0.0,Lesotho,2017,Africa
140,0.858428180217743,3.79500007629395,0.0498686656355858,Angola,2017,Africa
141,0.401477217674255,3.79399991035461,0.180746778845787,Afghanistan,2017,Asia
142,1.12209415435791,3.76600003242493,0.341755509376526,Botswana,2017,Africa
143,0.431085407733917,3.65700006484985,0.209930211305618,Benin,2017,Africa
144,0.305808693170547,3.64400005340576,0.375223308801651,Madagascar,2017,Africa
145,0.368610262870789,3.6029999256134,0.277321130037308,Haiti,2017,North America
146,0.591683447360992,3.59299993515015,0.310080915689468,Yemen,2017,Asia
147,0.39724862575531,3.59100008010864,0.163486003875732,South Sudan,2017,Africa
148,0.119041793048382,3.53299999237061,0.229918196797371,Liberia,2017,Africa
149,0.244549930095673,3.50699996948242,0.194129139184952,Guinea,2017,Africa
150,0.305444717407227,3.49499988555908,0.247105568647385,Togo,2017,Africa
151,0.368745893239975,3.47099995613098,0.326424807310104,Rwanda,2017,Africa
152,0.777153134346008,3.46199989318848,0.50053334236145,Syria,2017,Asia
153,0.511135876178741,3.34899997711182,0.364509284496307,Tanzania,2017,Africa
154,0.091622568666935,2.90499997138977,0.151610791683197,Burundi,2017,Africa
155,0.0,2.69300007820129,0.0187726859003305,Central African Republic,2017,Africa
1,1.305,7.632,0.874,Finland,2018,Europe
2,1.456,7.594,0.861,Norway,2018,Europe
3,1.351,7.555,0.868,Denmark,2018,Europe
4,1.343,7.495,0.914,Iceland,2018,Europe
5,1.42,7.487,0.927,Switzerland,2018,Europe
6,1.361,7.441,0.878,Netherlands,2018,Europe
7,1.33,7.328,0.896,Canada,2018,North America
8,1.268,7.324,0.876,New Zealand,2018,Australia
9,1.355,7.314,0.913,Sweden,2018,Europe
10,1.34,7.272,0.91,Australia,2018,Australia
11,1.244,7.19,0.888,United Kingdom,2018,Europe
12,1.341,7.139,0.891,Austria,2018,Europe
13,1.01,7.072,0.817,Costa Rica,2018,North America
14,1.448,6.977,0.876,Ireland,2018,Europe
15,1.34,6.965,0.861,Germany,2018,Europe
16,1.324,6.927,0.894,Belgium,2018,Europe
17,1.576,6.91,0.896,Luxembourg,2018,Europe
18,1.398,6.886,0.819,United States,2018,North America
19,1.301,6.814,0.883,Israel,2018,Asia
20,2.096,6.774,0.67,United Arab Emirates,2018,Asia
21,1.233,6.711,0.854,Czech Republic,2018,Europe
22,1.27,6.627,0.884,Malta,2018,Europe
23,1.293,6.489,0.908,France,2018,Europe
24,1.038,6.488,0.761,Mexico,2018,North America
25,1.131,6.476,0.808,Chile,2018,South America
26,1.365,6.441,0.857,Taiwan,2018,Asia
27,1.112,6.43,0.759,Panama,2018,North America
28,0.986,6.419,0.675,Brazil,2018,South America
29,1.073,6.388,0.744,Argentina,2018,South America
30,0.781,6.382,0.608,Guatemala,2018,North America
31,1.093,6.379,0.771,Uruguay,2018,South America
32,1.649,6.374,0.748,Qatar,2018,Asia
33,1.379,6.371,0.633,Saudi Arabia,2018,Asia
34,1.529,6.343,1.008,Singapore,2018,Asia
35,1.161,6.322,0.669,Malaysia,2018,Asia
36,1.251,6.31,0.965,Spain,2018,Europe
37,0.96,6.26,0.635,Colombia,2018,South America
38,1.223,6.192,0.564,Trinidad & Tobago,2018,South America
39,1.21,6.173,0.776,Slovakia,2018,Europe
40,0.806,6.167,0.639,El Salvador,2018,North America
41,0.668,6.141,0.7,Nicaragua,2018,North America
42,1.176,6.123,0.781,Poland,2018,Europe
43,1.338,6.105,0.698,Bahrain,2018,Asia
44,0.719,6.096,0.605,Uzbekistan,2018,Asia
45,1.474,6.083,0.675,Kuwait,2018,Asia
46,1.016,6.072,0.707,Thailand,2018,Asia
47,1.264,6.0,0.946,Italy,2018,Europe
48,0.889,5.973,0.736,Ecuador,2018,South America
49,0.807,5.956,0.474,Belize,2018,North America
50,1.197,5.952,0.716,Lithuania,2018,Europe
51,1.219,5.948,0.856,Slovenia,2018,Europe
52,1.116,5.945,0.726,Romania,2018,Europe
53,1.148,5.933,0.671,Latvia,2018,Europe
54,1.294,5.915,0.988,Japan,2018,Asia
55,1.09,5.891,0.684,Mauritius,2018,Africa
56,0.819,5.89,0.693,Jamaica,2018,North America
57,1.266,5.875,0.955,South Korea,2018,Asia
58,1.229,5.835,0.909,Northern Cyprus,2018,Asia
59,1.151,5.81,0.599,Russia,2018,Europe
60,1.143,5.79,0.631,Kazakhstan,2018,Asia
61,1.229,5.762,0.909,Cyprus,2018,Asia
62,0.751,5.752,0.508,Bolivia,2018,South America
63,1.2,5.739,0.737,Estonia,2018,Europe
64,0.835,5.681,0.615,Paraguay,2018,South America
65,0.934,5.663,0.674,Peru,2018,South America
66,0.855,5.662,0.578,Kosovo,2018,Europe
67,0.657,5.64,0.62,Moldova,2018,Europe
68,1.016,5.636,0.517,Turkmenistan,2018,Asia
69,1.171,5.62,0.732,Hungary,2018,Europe
70,0.985,5.566,0.553,Libya,2018,Africa
71,0.775,5.524,0.513,Philippines,2018,Asia
72,0.62,5.504,0.622,Honduras,2018,North America
73,1.039,5.483,0.7,Belarus,2018,Europe
74,1.148,5.483,0.686,Turkey,2018,Asia
75,0.652,5.472,0.424,Pakistan,2018,Asia
76,1.405,5.43,1.03,Hong Kong,2018,Asia
77,1.188,5.41,0.884,Portugal,2018,Europe
78,0.975,5.398,0.685,Serbia,2018,Europe
79,1.154,5.358,0.879,Greece,2018,Europe
80,0.965,5.358,0.785,Lebanon,2018,Asia
81,1.017,5.347,0.729,Montenegro,2018,Europe
82,1.115,5.321,0.737,Croatia,2018,Europe
83,0.982,5.302,0.614,Dominican Republic,2018,North America
84,0.979,5.295,0.687,Algeria,2018,Africa
85,0.779,5.254,0.669,Morocco,2018,Africa
86,0.989,5.246,0.799,China,2018,Asia
87,1.024,5.201,0.603,Azerbaijan,2018,Asia
88,0.474,5.199,0.598,Tajikistan,2018,Asia
89,0.959,5.185,0.691,Macedonia,2018,Europe
90,0.822,5.161,0.645,Jordan,2018,Asia
91,0.689,5.155,0.048,Nigeria,2018,Africa
92,0.53,5.131,0.594,Kyrgyzstan,2018,Asia
93,0.915,5.129,0.758,Bosnia and Herzegovina,2018,Europe
94,0.914,5.125,0.575,Mongolia,2018,Asia
95,0.715,5.103,0.702,Vietnam,2018,Asia
96,0.899,5.093,0.522,Indonesia,2018,Asia
97,0.796,5.082,0.527,Bhutan,2018,Asia
98,0.0,4.982,0.115,Somalia,2018,Africa
99,0.535,4.975,0.182,Cameroon,2018,Africa
100,1.054,4.933,0.712,Bulgaria,2018,Europe
101,0.425,4.88,0.539,Nepal,2018,Asia
102,0.996,4.806,0.657,Venezuela,2018,South America
103,1.036,4.758,0.404,Gabon,2018,Africa
104,0.642,4.743,0.602,Palestinian Territories,2018,Asia
105,0.94,4.724,0.33,South Africa,2018,Africa
106,1.059,4.707,0.691,Iran,2018,Asia
107,0.541,4.671,0.08,Ivory Coast,2018,Africa
108,0.592,4.657,0.337,Ghana,2018,Africa
109,0.429,4.631,0.433,Senegal,2018,Africa
110,0.72,4.623,0.441,Laos,2018,Asia
111,0.9,4.592,0.69,Tunisia,2018,Africa
112,0.916,4.586,0.79,Albania,2018,Europe
113,0.256,4.571,0.0,Sierra Leone,2018,Africa
114,0.682,4.559,0.343,Congo (Brazzaville),2018,Africa
115,0.532,4.5,0.579,Bangladesh,2018,Asia
116,0.918,4.471,0.672,Sri Lanka,2018,Asia
117,1.01,4.456,0.536,Iraq,2018,Asia
118,0.37,4.447,0.152,Mali,2018,Africa
119,0.874,4.441,0.365,Namibia,2018,Africa
120,0.549,4.433,0.457,Cambodia,2018,Asia
121,0.314,4.424,0.254,Burkina Faso,2018,Africa
122,0.885,4.419,0.553,Egypt,2018,Africa
123,0.198,4.417,0.173,Mozambique,2018,Africa
124,0.493,4.41,0.454,Kenya,2018,Africa
125,0.562,4.377,0.295,Zambia,2018,Africa
126,0.557,4.356,0.292,Mauritania,2018,Africa
127,0.308,4.35,0.391,Ethiopia,2018,Africa
128,0.853,4.34,0.643,Georgia,2018,Asia
129,0.816,4.321,0.666,Armenia,2018,Asia
130,0.682,4.308,0.429,Myanmar,2018,Asia
131,0.358,4.301,0.053,Chad,2018,Africa
132,0.069,4.245,0.204,Congo (Kinshasa),2018,Africa
133,0.721,4.19,0.485,India,2018,Asia
134,0.131,4.166,0.221,Niger,2018,Africa
135,0.322,4.161,0.237,Uganda,2018,Africa
136,0.378,4.141,0.24,Benin,2018,Africa
137,0.605,4.139,0.312,Sudan,2018,Africa
138,0.793,4.103,0.609,Ukraine,2018,Europe
139,0.259,3.999,0.253,Togo,2018,Africa
140,0.344,3.964,0.211,Guinea,2018,Africa
141,0.472,3.808,0.079,Lesotho,2018,Africa
142,0.73,3.795,0.269,Angola,2018,Africa
143,0.262,3.774,0.402,Madagascar,2018,Africa
144,0.357,3.692,0.248,Zimbabwe,2018,Africa
145,0.332,3.632,0.255,Afghanistan,2018,Asia
146,1.017,3.59,0.417,Botswana,2018,Africa
147,0.186,3.587,0.306,Malawi,2018,Africa
148,0.315,3.582,0.289,Haiti,2018,North America
149,0.076,3.495,0.267,Liberia,2018,Africa
150,0.689,3.462,0.539,Syria,2018,Asia
151,0.332,3.408,0.4,Rwanda,2018,Africa
152,0.442,3.355,0.343,Yemen,2018,Asia
153,0.455,3.303,0.381,Tanzania,2018,Africa
154,0.337,3.254,0.177,South Sudan,2018,Africa
155,0.024,3.083,0.01,Central African Republic,2018,Africa
156,0.091,2.905,0.145,Burundi,2018,Africa
1,1.34,7.769,0.986,Finland,2019,Europe
2,1.383,7.6,0.996,Denmark,2019,Europe
3,1.488,7.554,1.028,Norway,2019,Europe
4,1.38,7.494,1.026,Iceland,2019,Europe
5,1.396,7.488,0.999,Netherlands,2019,Europe
6,1.452,7.48,1.052,Switzerland,2019,Europe
7,1.387,7.343,1.009,Sweden,2019,Europe
8,1.303,7.307,1.026,New Zealand,2019,Australia
9,1.365,7.278,1.039,Canada,2019,North America
10,1.376,7.246,1.016,Austria,2019,Europe
11,1.372,7.228,1.036,Australia,2019,Australia
12,1.034,7.167,0.963,Costa Rica,2019,North America
13,1.276,7.139,1.029,Israel,2019,Asia
14,1.609,7.09,1.012,Luxembourg,2019,Europe
15,1.333,7.054,0.996,United Kingdom,2019,Europe
16,1.499,7.021,0.999,Ireland,2019,Europe
17,1.373,6.985,0.987,Germany,2019,Europe
18,1.356,6.923,0.986,Belgium,2019,Europe
19,1.433,6.892,0.874,United States,2019,North America
20,1.269,6.852,0.92,Czech Republic,2019,Europe
21,1.503,6.825,0.825,United Arab Emirates,2019,Asia
22,1.3,6.726,0.999,Malta,2019,Europe
23,1.07,6.595,0.861,Mexico,2019,North America
24,1.324,6.592,1.045,France,2019,Europe
25,1.368,6.446,0.914,Taiwan,2019,Asia
26,1.159,6.444,0.92,Chile,2019,South America
27,0.8,6.436,0.746,Guatemala,2019,North America
28,1.403,6.375,0.795,Saudi Arabia,2019,Asia
29,1.684,6.374,0.871,Qatar,2019,Asia
30,1.286,6.354,1.062,Spain,2019,Europe
31,1.149,6.321,0.91,Panama,2019,North America
32,1.004,6.3,0.802,Brazil,2019,South America
33,1.124,6.293,0.891,Uruguay,2019,South America
34,1.572,6.262,1.141,Singapore,2019,Asia
35,0.794,6.253,0.789,El Salvador,2019,North America
36,1.294,6.223,1.039,Italy,2019,Europe
37,1.362,6.199,0.871,Bahrain,2019,Asia
38,1.246,6.198,0.881,Slovakia,2019,Europe
39,1.231,6.192,0.713,Trinidad & Tobago,2019,South America
40,1.206,6.182,0.884,Poland,2019,Europe
41,0.745,6.174,0.756,Uzbekistan,2019,Asia
42,1.238,6.149,0.818,Lithuania,2019,Europe
43,0.985,6.125,0.841,Colombia,2019,South America
44,1.258,6.118,0.953,Slovenia,2019,Europe
45,0.694,6.105,0.835,Nicaragua,2019,North America
46,0.882,6.1,0.758,Kosovo,2019,Europe
47,1.092,6.086,0.881,Argentina,2019,South America
48,1.162,6.07,0.825,Romania,2019,Europe
49,1.263,6.046,1.042,Cyprus,2019,Asia
50,0.912,6.028,0.868,Ecuador,2019,South America
51,1.5,6.021,0.808,Kuwait,2019,Asia
52,1.05,6.008,0.828,Thailand,2019,Asia
53,1.187,5.94,0.812,Latvia,2019,Europe
54,1.301,5.895,1.036,South Korea,2019,Asia
55,1.237,5.893,0.874,Estonia,2019,Europe
56,0.831,5.89,0.831,Jamaica,2019,North America
57,1.12,5.888,0.798,Mauritius,2019,Africa
58,1.327,5.886,1.088,Japan,2019,Asia
59,0.642,5.86,0.828,Honduras,2019,North America
60,1.173,5.809,0.729,Kazakhstan,2019,Asia
61,0.776,5.779,0.706,Bolivia,2019,South America
62,1.201,5.758,0.828,Hungary,2019,Europe
63,0.855,5.743,0.777,Paraguay,2019,South America
64,1.263,5.718,1.042,Northern Cyprus,2019,Asia
65,0.96,5.697,0.854,Peru,2019,South America
66,1.221,5.693,0.999,Portugal,2019,Europe
67,0.677,5.653,0.535,Pakistan,2019,Asia
68,1.183,5.648,0.726,Russia,2019,Europe
69,0.807,5.631,0.657,Philippines,2019,Asia
70,1.004,5.603,0.854,Serbia,2019,Europe
71,0.685,5.529,0.739,Moldova,2019,Europe
72,1.044,5.525,0.673,Libya,2019,Africa
73,1.051,5.523,0.871,Montenegro,2019,Europe
74,0.493,5.467,0.718,Tajikistan,2019,Asia
75,1.155,5.432,0.914,Croatia,2019,Europe
76,1.438,5.43,1.122,Hong Kong,2019,Asia
77,1.015,5.425,0.779,Dominican Republic,2019,North America
78,0.945,5.386,0.845,Bosnia and Herzegovina,2019,Europe
79,1.183,5.373,0.808,Turkey,2019,Asia
80,1.221,5.339,0.828,Malaysia,2019,Asia
81,1.067,5.323,0.789,Belarus,2019,Europe
82,1.181,5.287,0.999,Greece,2019,Europe
83,0.948,5.285,0.667,Mongolia,2019,Asia
84,0.983,5.274,0.838,North Macedonia,2019,Europe
85,0.696,5.265,0.245,Nigeria,2019,Africa
86,0.551,5.261,0.723,Kyrgyzstan,2019,Asia
87,1.052,5.247,0.657,Turkmenistan,2019,Asia
88,1.002,5.211,0.785,Algeria,2019,Africa
89,0.801,5.208,0.782,Morocco,2019,Africa
90,1.043,5.208,0.769,Azerbaijan,2019,Asia
91,0.987,5.197,0.815,Lebanon,2019,Asia
92,0.931,5.192,0.66,Indonesia,2019,Asia
93,1.029,5.191,0.893,China,2019,Asia
94,0.741,5.175,0.851,Vietnam,2019,Asia
95,0.813,5.082,0.604,Bhutan,2019,Asia
96,0.549,5.044,0.331,Cameroon,2019,Africa
97,1.092,5.011,0.815,Bulgaria,2019,Europe
98,0.611,4.996,0.486,Ghana,2019,Africa
99,0.569,4.944,0.232,Ivory Coast,2019,Africa
100,0.446,4.913,0.677,Nepal,2019,Asia
101,0.837,4.906,0.815,Jordan,2019,Asia
102,0.393,4.883,0.397,Benin,2019,Africa
103,0.673,4.812,0.508,Congo (Brazzaville),2019,Africa
104,1.057,4.799,0.571,Gabon,2019,Africa
105,0.764,4.796,0.551,Laos,2019,Asia
106,0.96,4.722,0.469,South Africa,2019,Africa
107,0.947,4.719,0.874,Albania,2019,Europe
108,0.96,4.707,0.805,Venezuela,2019,South America
109,0.574,4.7,0.637,Cambodia,2019,Asia
110,0.657,4.696,0.672,Palestinian Territories,2019,Asia
111,0.45,4.681,0.571,Senegal,2019,Africa
112,0.0,4.668,0.268,Somalia,2019,Africa
113,0.879,4.639,0.477,Namibia,2019,Africa
114,0.138,4.628,0.366,Niger,2019,Africa
115,0.331,4.587,0.38,Burkina Faso,2019,Africa
116,0.85,4.559,0.815,Armenia,2019,Asia
117,1.1,4.548,0.785,Iran,2019,Asia
118,0.38,4.534,0.375,Guinea,2019,Africa
119,0.886,4.519,0.752,Georgia,2019,Asia
120,0.308,4.516,0.428,Gambia,2019,Africa
121,0.512,4.509,0.581,Kenya,2019,Africa
122,0.57,4.49,0.489,Mauritania,2019,Africa
123,0.204,4.466,0.39,Mozambique,2019,Africa
124,0.921,4.461,0.815,Tunisia,2019,Africa
125,0.562,4.456,0.723,Bangladesh,2019,Asia
126,1.043,4.437,0.574,Iraq,2019,Asia
127,0.094,4.418,0.357,Congo (Kinshasa),2019,Africa
128,0.385,4.39,0.308,Mali,2019,Africa
129,0.268,4.374,0.242,Sierra Leone,2019,Africa
130,0.949,4.366,0.831,Sri Lanka,2019,Asia
131,0.71,4.36,0.555,Myanmar,2019,Asia
132,0.35,4.35,0.192,Chad,2019,Africa
133,0.82,4.332,0.739,Ukraine,2019,Europe
134,0.336,4.286,0.532,Ethiopia,2019,Africa
135,0.811,4.212,0.0,Swaziland,2019,Africa
136,0.332,4.189,0.443,Uganda,2019,Africa
137,0.913,4.166,0.644,Egypt,2019,Africa
138,0.578,4.107,0.426,Zambia,2019,Africa
139,0.275,4.085,0.41,Togo,2019,Africa
140,0.755,4.015,0.588,India,2019,Asia
141,0.073,3.975,0.443,Liberia,2019,Africa
142,0.274,3.973,0.505,Comoros,2019,Africa
143,0.274,3.933,0.555,Madagascar,2019,Africa
144,0.489,3.802,0.168,Lesotho,2019,Africa
145,0.046,3.775,0.38,Burundi,2019,Africa
146,0.366,3.663,0.433,Zimbabwe,2019,Africa
147,0.323,3.597,0.449,Haiti,2019,North America
148,1.041,3.488,0.538,Botswana,2019,Africa
149,0.619,3.462,0.44,Syria,2019,Asia
150,0.191,3.41,0.495,Malawi,2019,Africa
151,0.287,3.38,0.463,Yemen,2019,Asia
152,0.359,3.334,0.614,Rwanda,2019,Africa
153,0.476,3.231,0.499,Tanzania,2019,Africa
154,0.35,3.203,0.361,Afghanistan,2019,Asia
155,0.026,3.083,0.105,Central African Republic,2019,Africa
156,0.306,2.853,0.295,South Sudan,2019,Africa
1,1.285189509,7.808700085,0.961271405,Finland,2020,Europe
2,1.326948524,7.645599842,0.979332566,Denmark,2020,Europe
3,1.39077425,7.559899807,1.040533185,Switzerland,2020,Europe
4,1.326501608,7.504499912,1.000843406,Iceland,2020,Europe
5,1.42420733,7.487999916,1.008071899,Norway,2020,Europe
6,1.338946342,7.448900223,0.975675344,Netherlands,2020,Europe
7,1.322235227,7.353499889,0.986470461,Sweden,2020,Europe
8,1.242317915,7.299600124,1.008138299,New Zealand,2020,Australia
9,1.317285538,7.294199944,1.000933528,Austria,2020,Europe
10,1.536676049,7.237500191,0.986442685,Luxembourg,2020,Europe
11,1.301647663,7.23210001,1.022501945,Canada,2020,North America
12,1.310396433,7.222799778,1.022607684,Australia,2020,Australia
13,1.273061037,7.164500237,0.97570008,United Kingdom,2020,Europe
14,1.216463685,7.128600121,1.008052945,Israel,2020,Asia
15,0.981107712,7.121399879,0.939635336,Costa Rica,2020,North America
16,1.446886778,7.093699932,0.975670695,Ireland,2020,Europe
17,1.314184546,7.075799942,0.972114801,Germany,2020,Europe
18,1.37398684,6.939599991,0.831618011,United States,2020,North America
19,1.212322354,6.910900116,0.89456445,Czech Republic,2020,Europe
20,1.295842767,6.863500118,0.964901149,Belgium,2020,Europe
21,1.431086421,6.790800095,0.787814438,United Arab Emirates,2020,Asia
22,1.252513289,6.772799969,0.972042024,Malta,2020,Europe
23,1.268129349,6.663799763,1.029714227,France,2020,Europe
24,1.024387479,6.465000153,0.831601024,Mexico,2020,North America
25,1.327470541,6.45539999,0.878437996,Taiwan Province of China,2020,Asia
26,1.071000457,6.440100193,0.856928885,Uruguay,2020,South America
27,1.334328532,6.406499863,0.759818137,Saudi Arabia,2020,Asia
28,1.230535269,6.400899887,1.051343083,Spain,2020,Europe
29,0.753815711,6.398900032,0.705952585,Guatemala,2020,North America
30,1.236396074,6.38740015,1.022504926,Italy,2020,Europe
31,1.519580126,6.377099991,1.137814283,Singapore,2020,Asia
32,0.952679873,6.375599861,0.766119063,Brazil,2020,South America
33,1.208652496,6.363399982,0.932548046,Slovenia,2020,Europe
34,0.748940408,6.34829998,0.752730012,El Salvador,2020,North America
35,0.840481341,6.325200081,0.672709167,Kosovo,2020,Europe
36,1.097667813,6.304800034,0.878546536,Panama,2020,North America
37,1.194837689,6.280600071,0.853465259,Slovakia,2020,Europe
38,0.696652949,6.257599831,0.716703713,Uzbekistan,2020,Asia
39,1.096992493,6.228499889,0.889260828,Chile,2020,South America
40,1.296692252,6.227300167,0.838836372,Bahrain,2020,Asia
41,1.193559647,6.215499878,0.795421183,Lithuania,2020,Europe
42,1.167641521,6.191899776,0.658828557,Trinidad and Tobago,2020,North America
43,1.16922915,6.186299801,0.868038476,Poland,2020,Europe
44,0.93220371,6.163400173,0.810020149,Colombia,2020,South America
45,1.21279943,6.15899992,1.026124597,Cyprus,2020,Asia
46,0.620033145,6.13710022,0.803093255,Nicaragua,2020,North America
47,1.120401621,6.123700142,0.79229486,Romania,2020,Europe
48,1.424833655,6.102099895,0.776468933,Kuwait,2020,Asia
49,1.07366395,6.101299763,0.763389409,Mauritius,2020,Africa
50,1.122594237,6.057899952,0.698788941,Kazakhstan,2020,Asia
51,1.192441225,6.021800041,0.842615008,Estonia,2020,Europe
52,0.775120676,6.006000042,0.602189481,Philippines,2020,Asia
53,1.164307117,6.000400066,0.806793869,Hungary,2020,Europe
54,1.007029295,5.998799801,0.793855846,Thailand,2020,Asia
55,1.028465629,5.974699974,0.849773705,Argentina,2020,South America
56,0.598763585,5.953199863,0.791989982,Honduras,2020,North America
57,1.14139545,5.949999809,0.777902424,Latvia,2020,Europe
58,0.853383601,5.925199986,0.838837743,Ecuador,2020,South America
59,1.168800831,5.910900116,0.979315281,Portugal,2020,Europe
60,0.779058397,5.889800072,0.788434088,Jamaica,2020,North America
61,1.245300651,5.872399807,1.022542596,South Korea,2020,Asia
62,1.26672411,5.870800018,1.072881341,Japan,2020,Asia
63,0.91854918,5.796800137,0.824444175,Peru,2020,South America
64,0.988181829,5.77820015,0.828403294,Serbia,2020,Europe
65,0.730976343,5.747499943,0.662445664,Bolivia,2020,South America
66,0.616799474,5.69329977,0.469933242,Pakistan,2020,Asia
67,0.897990823,5.692100048,0.735869646,Paraguay,2020,South America
68,0.983191848,5.689199924,0.741901696,Dominican Republic,2020,North America
69,0.91839546,5.674099922,0.813928187,Bosnia and Herzegovina,2020,Europe
70,0.707916796,5.607500076,0.713299453,Moldova,2020,Europe
71,0.474874616,5.555699825,0.680594802,Tajikistan,2020,Asia
72,1.010150075,5.54610014,0.839028895,Montenegro,2020,Europe
73,1.126999617,5.546000004,0.68044591,Russia,2020,Europe
74,0.513180971,5.541500092,0.680645883,Kyrgyzstan,2020,Asia
75,1.018854499,5.539899826,0.75258857,Belarus,2020,Europe
76,1.21279943,5.53550005,1.026124597,North Cyprus,2020,Europe
77,1.128070116,5.514999866,0.979431748,Greece,2020,Europe
78,1.376746058,5.510399818,1.136630654,Hong Kong S.A.R. of China,2020,Asia
79,1.109024286,5.504700184,0.900575578,Croatia,2020,Europe
80,1.021913767,5.488800049,0.615626633,Libya,2020,Africa
81,0.904872775,5.456200123,0.615788162,Mongolia,2020,Asia
82,1.168421626,5.384300232,0.788511872,Malaysia,2020,Asia
83,0.718092382,5.353499889,0.819133997,Vietnam,2020,Asia
84,0.891720712,5.285600185,0.610437036,Indonesia,2020,Asia
85,0.537094414,5.233300209,0.154942513,Ivory Coast,2020,Africa
86,0.366244704,5.21600008,0.328062952,Benin,2020,Africa
87,0.937864304,5.197599888,0.914439559,Maldives,2020,Asia
88,0.633616745,5.194399834,0.458101124,Congo (Brazzaville),2020,Africa
89,0.990272701,5.164800167,0.731134057,Azerbaijan,2020,Asia
90,0.935371995,5.159800053,0.802994132,Macedonia,2020,Europe
91,0.575862467,5.147999763,0.432162255,Ghana,2020,Africa
92,0.444050372,5.137199879,0.66887939,Nepal,2020,Asia
93,1.127169251,5.131800175,0.781335294,Turkey,2020,Asia
94,0.990533412,5.123899937,0.867248535,China,2020,Asia
95,1.008963585,5.119100094,0.612448037,Turkmenistan,2020,Asia
96,1.046554685,5.101500034,0.777776897,Bulgaria,2020,Europe
97,0.75862211,5.094799995,0.745096922,Morocco,2020,Africa
98,0.503958046,5.084899902,0.270189553,Cameroon,2020,Africa
99,0.770238638,5.053199768,0.76702553,Venezuela,2020,South America
100,0.943856001,5.005099773,0.745418549,Algeria,2020,Africa
101,0.504061818,4.980800152,0.518391907,Senegal,2020,Africa
102,0.390007734,4.949299812,0.333655238,Guinea,2020,Africa
103,0.108330332,4.909599781,0.298816353,Niger,2020,Africa
104,0.714693844,4.888599873,0.486378282,Laos,2020,Asia
105,0.906653047,4.882699966,0.846329629,Albania,2020,Europe
106,0.544634938,4.848400116,0.587904334,Cambodia,2020,Asia
107,0.556156278,4.832799911,0.694940507,Bangladesh,2020,Asia
108,0.988044381,4.829299927,0.522574842,Gabon,2020,Africa
109,0.902140439,4.814099789,0.407034069,South Africa,2020,Africa
110,0.982018709,4.784800053,0.529350698,Iraq,2020,Asia
111,0.889232516,4.771500111,0.788671136,Lebanon,2020,Asia
112,0.302467644,4.768700123,0.312833875,Burkina Faso,2020,Africa
113,0.256990552,4.750599861,0.353247881,Gambia,2020,Africa
114,0.352462649,4.729300022,0.234981522,Mali,2020,Africa
115,0.645901859,4.724100113,0.167835936,Nigeria,2020,Africa
116,0.808262408,4.676799774,0.77585727,Armenia,2020,Asia
117,0.847198069,4.672599792,0.694657624,Georgia,2020,Asia
118,1.029322505,4.672399998,0.749053836,Iran,2020,Asia
119,0.785179198,4.633399963,0.777624726,Jordan,2020,Asia
120,0.178741366,4.623600006,0.324223638,Mozambique,2020,Africa
121,0.476413399,4.583000183,0.536312759,Kenya,2020,Africa
122,0.84008199,4.571100235,0.40687117,Namibia,2020,Africa
123,0.780434608,4.56069994,0.698674381,Ukraine,2020,Europe
124,0.174103007,4.557899952,0.392284274,Liberia,2020,Africa
125,0.587819219,4.552800179,0.613826573,Palestinian Territories,2020,Asia
126,0.312337428,4.43200016,0.378311664,Uganda,2020,Africa
127,0.302287489,4.422699928,0.1087441,Chad,2020,Africa
128,0.874742687,4.392199993,0.781156719,Tunisia,2020,Africa
129,0.539684892,4.374599934,0.425184816,Mauritania,2020,Africa
130,0.897986948,4.327000141,0.792036712,Sri Lanka,2020,Asia
131,0.062487468,4.31099987,0.277212054,Congo (Kinshasa),2020,Africa
132,0.827539742,4.308100224,0.215585828,Swaziland,2020,Africa
133,0.67809093,4.308000088,0.495443076,Myanmar,2020,Asia
134,0.415620774,4.288599968,0.437383324,Comoros,2020,Africa
135,0.268116266,4.187200069,0.342731178,Togo,2020,Africa
136,0.315125644,4.186200142,0.483846247,Ethiopia,2020,Africa
137,0.244553208,4.165599823,0.500617027,Madagascar,2020,Africa
138,0.875228941,4.151400089,0.596911311,Egypt,2020,Africa
139,0.240560383,3.926399946,0.203953966,Sierra Leone,2020,Africa
140,0.0,3.775300026,0.295212835,Burundi,2020,Africa
141,0.536833763,3.759399891,0.36359334,Zambia,2020,Africa
142,0.284734428,3.720799923,0.37436673,Haiti,2020,North America
143,0.45493874,3.652800083,0.100934811,Lesotho,2020,Africa
144,0.730576158,3.573299885,0.54057014,India,2020,Asia
145,0.176534727,3.538000107,0.446163297,Malawi,2020,Africa
146,0.392701775,3.527400017,0.41500017,Yemen,2020,Asia
147,0.997548997,3.478899956,0.494101733,Botswana,2020,Africa
148,0.457163125,3.476200104,0.442677855,Tanzania,2020,Africa
149,0.041072082,3.475899935,0.0,Central African Republic,2020,Africa
150,0.343242675,3.312299967,0.572383285,Rwanda,2020,Africa
151,0.425564021,3.299200058,0.375037611,Zimbabwe,2020,Africa
152,0.289082974,2.816600084,0.208809033,South Sudan,2020,Africa
153,0.30070585,2.566900015,0.266051531,Afghanistan,2020,Asia
1,1.446,7.842,0.741,Finland,2021,Europe
2,1.502,7.62,0.763,Denmark,2021,Europe
3,1.566,7.571,0.816,Switzerland,2021,Europe
4,1.482,7.554,0.772,Iceland,2021,Europe
5,1.501,7.464,0.753,Netherlands,2021,Europe
6,1.543,7.392,0.782,Norway,2021,Europe
7,1.478,7.363,0.763,Sweden,2021,Europe
8,1.751,7.324,0.76,Luxembourg,2021,Europe
9,1.4,7.277,0.785,New Zealand,2021,Australia
10,1.492,7.268,0.782,Austria,2021,Europe
11,1.453,7.183,0.801,Australia,2021,Australia
12,1.376,7.157,0.788,Israel,2021,Asia
13,1.48,7.155,0.757,Germany,2021,Europe
14,1.447,7.103,0.798,Canada,2021,North America
15,1.644,7.085,0.753,Ireland,2021,Europe
16,1.134,7.069,0.722,Costa Rica,2021,North America
17,1.423,7.064,0.757,United Kingdom,2021,Europe
18,1.37,6.965,0.703,Czech Republic,2021,Europe
19,1.533,6.951,0.621,United States,2021,North America
20,1.463,6.834,0.747,Belgium,2021,Europe
21,1.421,6.69,0.804,France,2021,Europe
22,1.409,6.647,0.662,Bahrain,2021,Asia
23,1.411,6.602,0.747,Malta,2021,Europe
24,1.48,6.584,0.665,Taiwan Province of China,2021,Asia
25,1.555,6.561,0.594,United Arab Emirates,2021,Asia
26,1.435,6.494,0.571,Saudi Arabia,2021,Asia
27,1.375,6.491,0.826,Spain,2021,Europe
28,1.393,6.483,0.798,Italy,2021,Europe
29,1.36,6.461,0.722,Slovenia,2021,Europe
30,0.845,6.435,0.519,Guatemala,2021,North America
31,1.164,6.431,0.649,Uruguay,2021,South America
32,1.695,6.377,0.897,Singapore,2021,Asia
33,0.937,6.372,0.483,Kosovo,2021,Europe
34,1.304,6.331,0.653,Slovakia,2021,Europe
35,1.028,6.33,0.571,Brazil,2021,South America
36,1.126,6.317,0.634,Mexico,2021,North America
37,0.891,6.309,0.599,Jamaica,2021,North America
38,1.35,6.255,0.612,Lithuania,2021,Europe
39,1.377,6.223,0.801,Cyprus,2021,Asia
40,1.344,6.189,0.64,Estonia,2021,Europe
41,1.298,6.18,0.667,Panama,2021,North America
42,0.769,6.179,0.528,Uzbekistan,2021,Asia
43,1.2,6.172,0.678,Chile,2021,South America
44,1.309,6.166,0.668,Poland,2021,Europe
45,1.23,6.152,0.527,Kazakhstan,2021,Asia
46,1.275,6.14,0.595,Romania,2021,Europe
47,1.461,6.106,0.58,Kuwait,2021,Asia
48,1.101,6.078,0.634,Serbia,2021,Europe
49,0.845,6.061,0.565,El Salvador,2021,North America
50,1.178,6.049,0.574,Mauritius,2021,Africa
51,1.285,6.032,0.587,Latvia,2021,Europe
52,1.021,6.012,0.615,Colombia,2021,South America
53,1.301,5.992,0.615,Hungary,2021,Europe
54,1.107,5.985,0.596,Thailand,2021,Asia
55,0.693,5.972,0.604,Nicaragua,2021,North America
56,1.389,5.94,0.838,Japan,2021,Asia
57,1.162,5.929,0.646,Argentina,2021,South America
58,1.323,5.929,0.76,Portugal,2021,Europe
59,0.703,5.919,0.593,Honduras,2021,North America
60,1.251,5.882,0.703,Croatia,2021,Europe
61,0.853,5.88,0.426,Philippines,2021,Asia
62,1.403,5.845,0.801,South Korea,2021,Asia
63,0.986,5.84,0.623,Peru,2021,South America
64,1.032,5.813,0.618,Bosnia and Herzegovina,2021,Europe
65,0.985,5.766,0.542,Moldova,2021,Europe
66,0.935,5.764,0.64,Ecuador,2021,South America
67,0.665,5.744,0.501,Kyrgyzstan,2021,Asia
68,1.273,5.723,0.76,Greece,2021,Europe
69,0.842,5.716,0.486,Bolivia,2021,South America
70,0.966,5.677,0.442,Mongolia,2021,Asia
71,0.983,5.653,0.549,Paraguay,2021,South America
72,1.155,5.581,0.637,Montenegro,2021,Europe
73,1.106,5.545,0.555,Dominican Republic,2021,North America
74,1.377,5.536,0.801,North Cyprus,2021,Europe
75,1.124,5.534,0.56,Belarus,2021,Europe
76,1.241,5.477,0.511,Russia,2021,Europe
77,1.525,5.477,0.893,Hong Kong S.A.R. of China,2021,Asia
78,0.508,5.466,0.498,Tajikistan,2021,Asia
79,0.817,5.411,0.616,Vietnam,2021,Asia
80,1.044,5.41,0.435,Libya,2021,Africa
81,1.259,5.384,0.587,Malaysia,2021,Asia
82,0.954,5.345,0.433,Indonesia,2021,Asia
83,0.518,5.342,0.307,Congo (Brazzaville),2021,Africa
84,1.061,5.339,0.665,China,2021,Asia
85,0.669,5.306,0.052,Ivory Coast,2021,Africa
86,0.996,5.283,0.585,Armenia,2021,Asia
87,0.519,5.269,0.496,Nepal,2021,Asia
88,1.181,5.266,0.583,Bulgaria,2021,Europe
89,1.115,5.198,0.697,Maldives,2021,Asia
90,1.025,5.171,0.541,Azerbaijan,2021,Asia
91,0.543,5.142,0.159,Cameroon,2021,Africa
92,0.518,5.132,0.357,Senegal,2021,Africa
93,1.008,5.117,0.646,Albania,2021,Europe
94,1.068,5.101,0.535,North Macedonia,2021,Europe
95,0.68,5.088,0.287,Ghana,2021,Africa
96,0.162,5.074,0.167,Niger,2021,Africa
97,1.046,5.066,0.439,Turkmenistan,2021,Asia
98,0.367,5.051,0.21,Gambia,2021,Africa
99,0.507,5.045,0.196,Benin,2021,Africa
100,0.808,5.03,0.33,Laos,2021,Asia
101,0.635,5.025,0.514,Bangladesh,2021,Asia
102,0.42,4.984,0.206,Guinea,2021,Africa
103,0.967,4.956,0.265,South Africa,2021,Africa
104,1.26,4.948,0.59,Turkey,2021,Asia
105,0.637,4.934,0.322,Pakistan,2021,Asia
106,0.792,4.918,0.558,Morocco,2021,Africa
107,0.852,4.892,0.574,Venezuela,2021,South America
108,1.03,4.891,0.498,Georgia,2021,Asia
109,0.946,4.887,0.552,Algeria,2021,Africa
110,0.979,4.875,0.517,Ukraine,2021,Europe
111,0.91,4.854,0.381,Iraq,2021,Asia
112,1.037,4.852,0.362,Gabon,2021,Africa
113,0.364,4.834,0.179,Burkina Faso,2021,Africa
114,0.603,4.83,0.426,Cambodia,2021,Asia
115,0.183,4.794,0.196,Mozambique,2021,Africa
116,0.663,4.759,0.051,Nigeria,2021,Africa
117,0.387,4.723,0.11,Mali,2021,Africa
118,1.03,4.721,0.561,Iran,2021,Asia
119,0.364,4.636,0.24,Uganda,2021,Africa
120,0.228,4.625,0.253,Liberia,2021,Africa
121,0.603,4.607,0.385,Kenya,2021,Africa
122,0.919,4.596,0.59,Tunisia,2021,Africa
123,1.045,4.584,0.595,Lebanon,2021,Asia
124,0.882,4.574,0.262,Namibia,2021,Africa
125,0.646,4.517,0.434,Palestinian Territories,2021,Asia
126,0.666,4.426,0.341,Myanmar,2021,Asia
127,0.89,4.395,0.583,Jordan,2021,Asia
128,0.255,4.355,0.0,Chad,2021,Africa
129,0.99,4.325,0.593,Sri Lanka,2021,Asia
130,0.849,4.308,0.074,Swaziland,2021,Africa
131,0.488,4.289,0.279,Comoros,2021,Africa
132,0.954,4.283,0.426,Egypt,2021,Africa
133,0.37,4.275,0.331,Ethiopia,2021,Africa
134,0.666,4.227,0.273,Mauritania,2021,Africa
135,0.266,4.208,0.341,Madagascar,2021,Africa
136,0.254,4.107,0.203,Togo,2021,Africa
137,0.528,4.073,0.231,Zambia,2021,Africa
138,0.279,3.849,0.1,Sierra Leone,2021,Africa
139,0.741,3.819,0.383,India,2021,Asia
140,0.0,3.775,0.155,Burundi,2021,Africa
141,0.329,3.658,0.272,Yemen,2021,Asia
142,0.433,3.623,0.3,Tanzania,2021,Africa
143,0.294,3.615,0.227,Haiti,2021,North America
144,0.113,3.6,0.298,Malawi,2021,Africa
145,0.451,3.512,0.007,Lesotho,2021,Africa
146,1.099,3.467,0.34,Botswana,2021,Africa
147,0.364,3.415,0.407,Rwanda,2021,Africa
148,0.457,3.145,0.243,Zimbabwe,2021,Africa
149,0.37,2.523,0.126,Afghanistan,2021,Asia
